[
  {
    "model": "courses.distribution",
    "pk": 1,
    "fields": {
      "name": "Foreign Language 100L"
    }
  },
  {
    "model": "courses.distribution",
    "pk": 2,
    "fields": {
      "name": "Foreign Language 200L"
    }
  },
  {
    "model": "courses.distribution",
    "pk": 3,
    "fields": {
      "name": "Basic QR"
    }
  },
  {
    "model": "courses.distribution",
    "pk": 4,
    "fields": {
      "name": "QR Overlay"
    }
  },
  {
    "model": "courses.distribution",
    "pk": 5,
    "fields": {
      "name": "Lab"
    }
  },
  {
    "model": "courses.distribution",
    "pk": 6,
    "fields": {
      "name": "300-level"
    }
  },
  {
    "model": "courses.distribution",
    "pk": 7,
    "fields": {
      "name": "First Year Writing"
    }
  },
  {
    "model": "courses.distribution",
    "pk": 8,
    "fields": {
      "name": "Language and Literature"
    }
  },
  {
    "model": "courses.distribution",
    "pk": 9,
    "fields": {
      "name": "Arts, Music, Theater, Film and Video"
    }
  },
  {
    "model": "courses.distribution",
    "pk": 10,
    "fields": {
      "name": "Language and Literature or Arts, Music, Theater, Film and Video"
    }
  },
  {
    "model": "courses.distribution",
    "pk": 11,
    "fields": {
      "name": "Social and Behavioral Analysis"
    }
  },
  {
    "model": "courses.distribution",
    "pk": 12,
    "fields": {
      "name": "Epistemology and Cognition or Historical Studies"
    }
  },
  {
    "model": "courses.distribution",
    "pk": 13,
    "fields": {
      "name": "Historical Studies or Religion, Ethics, and Moral Philosophy"
    }
  },
  {
    "model": "courses.distribution",
    "pk": 14,
    "fields": {
      "name": "Mathematical Modeling"
    }
  },
  {
    "model": "courses.distribution",
    "pk": 15,
    "fields": {
      "name": "Natural and Physical Sciences"
    }
  },
  {
    "model": "courses.distribution",
    "pk": 16,
    "fields": {
      "name": "Mathematical Modeling or Natural and Physical Sciences"
    }
  }
]
